pattern_id,pattern_name,user_group,wcag_ref,coga_objective,description,design_guidance,implementation_notes,testing_notes
COG001,Use clear and understandable content,Cognitive disabilities / Dyslexia,3.1.5 (AAA),Help users understand,Write at the lowest reading level appropriate for the audience (COGA recommends ≤8th grade for general audiences),"Use short sentences (≤20 words). Prefer active voice. Avoid jargon. Define acronyms on first use.","Test with Hemingway Editor. Target Flesch-Kincaid Grade ≤8.",Have someone unfamiliar with the domain read and confirm understanding.
COG002,Use familiar design patterns,Cognitive disabilities / ADHD,3.2.3 3.2.4,Make it familiar,Don't invent novel interaction patterns when established ones exist. Users with cognitive disabilities rely heavily on learned patterns.,"Place navigation in expected locations. Use standard icons. Don't repurpose familiar UI elements.","Run heuristic evaluation against Nielsen Norman patterns.",Test with users who have cognitive disabilities or low digital literacy.
COG003,Avoid time limits or make them adjustable,Cognitive disabilities / ADHD,2.2.1 2.2.3,Give users enough time,Users with cognitive disabilities often need more time to process and respond. Time limits cause anxiety and errors.,Provide at least 20x the default time limit. Prefer no time limits for content creation tasks. Show a timer with clear remaining time.,"Implement adjustable session timeouts. Add aria-live countdown when < 60 seconds remain.",Test that time extension requests do not lose user data.
COG004,Reduce cognitive load,ADHD / Anxiety / Autism,1.3.1 3.2.2,Keep it simple,Present only the information and choices necessary for the current task. Extra options and information compete for attention.,Limit navigation items to 5-7. Group related content. Use progressive disclosure. Avoid autoplay and moving elements.,"Use prefers-reduced-motion to disable animations. Avoid auto-advancing carousels.","Test on mobile (smaller viewport forces prioritization). Time how long it takes to complete core tasks."
COG005,Support memory by reducing reliance on recall,Cognitive disabilities / Memory impairments,3.3.7 (WCAG 2.2),Help users understand,Do not force users to remember information across steps. Show previously entered data. Provide context reminders.,Show order summary on each checkout step. Pre-populate forms with previously entered data. Show breadcrumbs. Provide undo.,"Implement autofill (autocomplete attributes). Store form progress in localStorage. Implement aria-describedby with contextual hints.",Verify that session restores partial form data on timeout/refresh.
COG006,Provide clear error prevention and recovery,Cognitive disabilities / Anxiety,3.3.1 3.3.2 3.3.3 3.3.4,Help users avoid and correct mistakes,Error messages must be specific and tell the user exactly how to fix the issue. Prevent errors before they happen with inline validation.,"Error messages: say what happened + what to do. Never: 'Invalid password'. Validate as-user-types. Provide confirmation before irreversible actions.","Use aria-invalid='true' and aria-describedby pointing to error. Use role='alert' for live errors.",Test that every error message makes sense to someone with no technical background.
COG007,Use plain language for instructions and labels,Cognitive disabilities / Low literacy,3.3.2,Help users understand,Form labels and instructions must be simple and unambiguous. Avoid legal/technical language unless absolutely necessary.,"Label the field with what you want not the data type. Put instructions before the input not after. Say 'required' in the label not just an asterisk.","Pair asterisk with aria-label='required'. Add aria-describedby for hints.",Run a 5-second test: show the form for 5s then ask what each field wants.
COG008,Provide symbols and images alongside text,Cognitive disabilities / Low literacy / Autism,1.1.1 3.1.5,Help users understand,Icons and symbols aid comprehension for users with dyslexia or low literacy. They are not a replacement for text.,Use familiar icons. Add tooltips or visible labels to icon-only controls. Support AAC symbol sets where applicable.,"Never use icon-only controls without accessible name. Add title attribute for tooltip hover. Use aria-label for screen reader name.",Test icon comprehension: show icon without label and ask users what it means.
COG009,Avoid double negatives and complex conditionals,Cognitive disabilities / ADHD,3.3.2,Help users understand,Double negatives and conditional logic are difficult to parse.,"Rewrite: 'Do not disable notifications' -> 'Keep notifications on'. Avoid if-unless-then. Break multi-part conditions into separate steps.","Test instructions with readability tools.",Ask a non-technical person to explain back each instruction in their own words.
COG010,Provide multiple input modalities,Motor / Cognitive disabilities,2.5.1 2.5.4 2.1.1,Support different physical and cognitive approaches,Allow users to complete tasks by typing text searching selecting from a list or using voice/gestures.,"Provide a text input + autocomplete dropdown as alternatives to complex selects. Support voice input. Do not require drag-and-drop (provide button alternative per SC 2.5.7).","Add autocomplete tokens. Test paste and voice input work. Test that custom date pickers accept typed dates.",Test with voice control (Dragon NaturallySpeaking / Voice Control on macOS).
COG011,Use consistent and predictable navigation,Cognitive disabilities / ADHD / Autism,3.2.3 3.2.4,Make it understandable,Navigation items should appear in the same place and same order on every page. Unexpected changes cause disorientation.,"Do not reorder nav items based on most used. Keep logo link to homepage. Consistent breadcrumbs.",Test on multiple pages that nav order and location are identical.,Automated: compare DOM order of nav elements across 5 pages.
COG012,Support interrupted and resumed tasks,Cognitive disabilities / Chronic illness,2.2.5 3.3.7,Give users enough time,Users may lose focus or have to stop. They need to resume where they left off without losing data.,"Save form state every 30s. Email a resume link for long forms. Provide explicit save progress button.","Implement autosave with aria-live='polite' announcing 'Progress saved'.",Test by refreshing mid-form and confirming data persistence.
COG013,Minimize distractions,ADHD / Autism / Anxiety,2.2.2 2.3.1,Keep it simple,Animated content moving elements auto-playing media and pop-ups compete for attention and can cause cognitive overload.,"Respect prefers-reduced-motion. Stop all animations on user request. Do not auto-play video with sound.","@media (prefers-reduced-motion: reduce) { * { animation: none !important; } }",Test with browser set to prefers-reduced-motion: reduce.
COG014,Provide adequate whitespace and visual separation,Dyslexia / ADHD / Low vision,1.4.12 1.4.8 (AAA),Help users understand,Dense text and poor visual hierarchy make it hard to track position and parse content.,"Body text: max 75 chars/line. Paragraph spacing >= 2x font size. Left-align body text - avoid justified.",Implement CSS text-spacing overrides and verify nothing clips (SC 1.4.12).,Text-spacing bookmarklet test. Check no text is clipped at 1.5x line-height.
COG015,Use clear visual hierarchy,Cognitive disabilities / ADHD,1.3.1 2.4.6,Help users understand,Users scan pages for structure before reading. Clear hierarchy guides attention and reduces cognitive effort.,"One H1 per page. Headings should describe the section content. Use H2-H3 consistently. Do not skip heading levels.",Automated: axe checks heading order. Manual: read headings list in NVDA (Insert+F7).,NVDA elements list: every heading should make sense out of context.
COG016,Provide search and filtering,Cognitive disabilities / Low memory,2.4.5,Support different approaches,Not everyone can navigate hierarchical menus. Search lets users go directly to content they remember by keyword.,"Add site search. Provide filter/sort on long lists. Show 'X results for Y'. Allow clear-all filters in one click.","Implement search with role='search' landmark. Results list: aria-live='polite' with count announcement.",Test keyboard navigation through filter options and results.
COG017,Use consistent vocabulary,Cognitive disabilities,3.1.3 (AAA),Help users understand,Calling the same thing by different names ('cart' vs 'basket' vs 'bag') is confusing. Create a product glossary and stick to it.,Define a vocabulary list. Do not synonymize to sound varied - repeat the same word. Provide a glossary page or tooltip definitions for technical terms.,"Consider <abbr title='definition'>term</abbr> for inline definitions.",Audit the product for the same concept referred to by multiple names.
COG018,Provide helpful defaults and suggestions,Cognitive disabilities / Anxiety,3.3.5 (AAA),Help users understand,Pre-selected sensible defaults reduce decision fatigue. Autocompletion reduces typing burden and errors.,Pre-populate fields where possible. Offer autocomplete suggestions. Use sensible default form values. Show examples.,autocomplete attributes on all personal data fields. Placeholder text: supplement (not replace) labels.,Test that autocomplete is not blocked. Verify placeholder text has sufficient contrast (3:1).
COG019,Provide text alternatives for audio and video,D/deaf / Cognitive disabilities,1.2.1 1.2.2 1.2.3,Help users perceive,Some users process written text better than audio. Transcripts benefit people with ADHD cognitive disabilities and situational limitations.,"Provide captions for all video. Provide transcripts for podcasts/audio. Offer text summaries for long videos.",Caption format: WebVTT preferred. Include speaker identification and meaningful non-speech sounds.,Verify captions sync with audio. Test with captions on and sound off.
COG020,Support task completion across sessions,Cognitive disabilities / Chronic illness,2.2.5,Give users enough time,Multi-step processes should not require completion in a single session.,"Send resume link via email. Save progress server-side with a unique ID. Clearly indicate where the user left off. Provide 'Save and continue later' button on every step.",Implement server-side session persistence. Generate shareable resume URLs.,Test by logging out mid-process and resuming from a different browser.
